id,name,party,state,vote.6350,vote.6351,vote.6352,vote.6354,vote.6356,vote.6357,vote.6358,vote.6359,vote.6360,vote.6362,vote.6363,vote.6368,vote.6369,vote.6370,vote.6371,vote.6372,vote.6373,vote.6374,vote.6375
1,ABEL MESQUITA JR ,PDT,RR,4,2,2,1,1,2,1,1,4,4,4,4,2,1,1,1,1,1,1
2,EDIO LOPES,PMDB,RR,4,2,1,1,2,2,1,1,4,4,4,2,2,1,1,1,1,2,4
3,CARLOS ANDRADE,PHS,RR,2,2,1,1,2,2,1,4,4,2,1,2,2,1,2,1,1,1,1
4,HIRAN GONCALVES,PMN,RR,2,2,1,2,2,2,1,1,4,4,4,2,2,2,2,1,1,1,1
5,JHONATAN DE JESUS,PRB,RR,2,2,2,2,4,2,1,1,2,2,1,4,2,2,1,1,1,1,1
6,MARIA HELENA,PSB,RR,2,2,2,1,1,2,1,1,4,4,4,2,2,1,1,1,1,2,1
7,REMIDIO MONAI,PR,RR,2,2,2,1,2,2,1,1,4,2,1,2,2,1,1,1,1,1,1
8,SHERIDAN,PSDB,RR,2,1,1,1,3,2,1,1,4,3,1,4,4,4,4,4,4,4,4
9,ANDRE ABDON,PRB,AP,2,2,2,2,2,2,1,1,2,2,1,4,2,2,2,1,1,1,1
10,JANETE CAPIBERIBE,PSB,AP,2,2,2,2,1,1,2,1,2,1,1,2,2,1,1,1,1,1,4
11,JOZI ROCHA,PTB,AP,2,2,1,1,4,2,1,1,4,2,1,1,2,1,1,1,4,1,1
12,MARCOS REATEGUI,PSC,AP,2,2,2,2,2,2,1,1,2,2,1,1,1,1,1,1,2,1,1
14,CABUCU BORGES,PMDB,AP,2,2,1,1,2,2,1,1,4,2,1,1,1,1,1,1,1,1,1
15,PROFESSORA MARCIVANIA,PT,AP,2,2,2,2,1,3,2,1,4,2,1,4,2,1,2,1,1,1,1
16,VINICIUS GURGEL,PR,AP,2,2,2,1,4,4,1,1,4,2,1,4,2,1,2,4,4,4,1
17,ROBERTO GOES,PDT,AP,2,2,2,2,1,2,1,2,4,2,1,2,2,1,1,1,4,4,4
18,ARNALDO JORDY,PPS,PA,2,1,2,2,1,2,2,1,4,4,1,2,1,2,2,1,1,4,1
19,BETO FARO,PT,PA,2,2,2,2,1,1,2,1,1,2,1,2,2,1,2,1,1,1,1
20,BETO SALAME,PROS,PA,2,1,2,2,1,2,2,1,2,2,1,2,2,1,1,4,1,1,1
21,ELCIONE BARBALHO,PMDB,PA,2,2,1,2,2,1,2,1,2,2,1,4,4,4,4,4,4,4,4
22,DELEGADO EDER MAURO,PSD,PA,2,2,2,1,2,2,1,1,2,1,1,1,2,1,2,1,2,1,1
23,WLADIMIR COSTA,Solidarie,PA,4,4,4,4,4,4,4,4,4,4,4,4,4,4,4,4,4,4,4
25,ZE GERALDO,PT,PA,4,2,2,2,1,3,2,1,1,2,1,2,2,1,2,1,1,1,1
26,JOSE PRIANTE,PMDB,PA,2,2,1,4,2,2,4,4,4,4,4,1,2,1,2,1,4,4,4
27,EDMILSON RODRIGUES,PSOL,PA,2,2,2,2,1,4,5,1,4,1,1,2,2,1,2,1,1,1,1
28,FRANCISCO CHAPADINHA,PSD,PA,4,4,4,4,4,4,4,4,4,4,4,2,2,1,2,1,1,1,1
29,LUCIO VALE,PR,PA,2,2,2,1,2,2,1,1,2,2,1,2,2,1,2,1,1,1,1
30,JOSUE BENGTSON,PTB,PA,2,2,1,1,2,4,1,1,4,2,1,1,1,1,1,1,1,1,1
31,NILSON PINTO,PSDB,PA,2,1,1,1,3,2,1,1,2,1,1,2,1,1,2,1,1,1,1
32,HELIO LEITE,DEM,PA,2,2,2,1,3,4,1,2,4,2,1,4,1,2,2,1,1,1,1
33,JOAQUIM PASSARINHO,PSD,PA,2,2,2,1,2,2,1,1,2,1,1,2,2,1,2,2,1,1,1
34,JULIA MARINHO,PSC,PA,4,4,4,4,2,2,1,1,4,2,1,4,1,1,1,1,2,2,1
35,SIMONE MORGADO,PMDB,PA,4,1,2,2,1,2,2,1,4,1,1,4,2,1,1,1,1,1,4
36,ALFREDO NASCIMENTO,PR,AM,2,2,2,1,2,2,1,1,2,2,1,4,4,4,4,4,4,4,4
37,ARTHUR VIRGILIO BISNETO,PSDB,AM,2,1,1,1,3,2,1,1,2,1,1,2,2,1,2,1,1,1,1
38,ATILA LINS,PSD,AM,4,4,4,4,2,2,1,1,4,1,1,4,4,4,1,1,1,1,1
39,SILAS CAMARA,PSD,AM,2,2,2,1,2,2,1,1,4,1,1,1,2,1,1,1,1,1,1
40,PAUDERNEY AVELINO,DEM,AM,2,2,1,1,3,2,1,1,4,2,1,1,1,2,2,4,2,2,1
41,CONCEICAO SAMPAIO,PP,AM,2,2,1,2,1,1,1,1,2,2,1,4,1,1,1,1,1,1,1
42,HISSA ABRAHAO,PPS,AM,2,1,2,2,1,2,2,1,2,1,1,2,1,2,2,1,1,4,1
43,MARCOS ROTTA,PMDB,AM,2,2,1,1,2,2,1,1,2,2,1,1,1,1,1,1,1,1,1
44,EXPEDITO NETTO,Solidarie,RO,2,2,2,1,2,3,1,1,4,2,1,2,2,1,1,1,1,1,1
45,LINDOMAR GARCON,PMDB,RO,2,2,1,1,2,2,1,1,4,1,1,1,1,1,1,4,1,1,1
46,LUCIO MOSQUINI,PMDB,RO,2,2,1,1,2,2,1,1,2,1,4,2,1,1,1,1,1,1,1
47,NILTON CAPIXABA,PTB,RO,4,4,4,4,4,4,4,4,4,4,4,2,2,1,1,1,1,1,1
48,LUIZ CLAUDIO,PR,RO,2,2,2,1,2,2,1,1,4,2,1,2,2,1,3,1,1,1,1
49,MARCOS ROGERIO,PDT,RO,2,2,3,2,1,3,2,1,2,2,4,2,1,1,2,1,1,2,1
50,MARINHA RAUPP,PMDB,RO,2,2,2,2,2,1,1,1,2,1,1,4,2,1,1,1,1,1,1
51,MARIANA CARVALHO,PSDB,RO,4,4,4,4,4,4,4,4,4,4,4,2,1,1,2,1,1,1,1
52,ANGELIM,PT,AC,2,2,2,2,1,3,2,1,4,2,1,2,2,1,2,1,1,1,1
53,ALAN RICK,PRB,AC,2,2,2,2,2,2,1,1,2,2,1,2,2,1,1,1,1,1,1
54,FLAVIANO MELO,PMDB,AC,2,2,1,1,2,2,1,1,2,1,1,4,2,2,2,4,1,1,4
55,CESAR MESSIAS,PSB,AC,2,2,2,2,1,4,4,4,4,4,4,2,2,1,1,1,1,1,1
56,JESSICA SALES,PMDB,AC,4,4,4,4,4,4,4,4,4,4,4,1,2,1,1,1,4,1,1
57,LEO DE BRITO,PT,AC,2,2,2,2,1,3,2,2,4,2,1,2,2,1,2,1,1,1,1
58,SIBA MACHADO,PT,AC,2,2,2,2,1,3,2,1,4,2,1,2,2,1,2,1,4,4,4
59,ROCHA,PSDB,AC,2,1,1,1,3,2,1,1,2,1,5,2,2,1,2,1,1,1,1
60,CARLOS HENRIQUE GAGUIM,PMDB,TO,2,2,1,1,2,2,1,1,2,2,1,1,1,1,2,1,1,1,1
61,DULCE MIRANDA,PMDB,TO,2,2,1,1,2,2,1,1,2,1,1,1,2,1,1,1,1,1,1
62,JOSI NUNES,PMDB,TO,2,2,1,1,2,2,1,1,4,4,4,1,2,1,1,1,1,1,1
63,LAZARO BOTELHO,PP,TO,2,2,1,1,2,2,1,1,2,2,1,1,4,1,1,1,2,1,1
64,CESAR HALUM,PRB,TO,4,2,2,1,2,2,1,1,4,2,1,4,1,1,4,1,1,2,1
65,IRAJA ABREU,PSD,TO,4,4,4,4,4,4,4,4,4,4,4,4,4,4,4,4,4,4,4
66,VICENTINHO JUNIOR,PSB,TO,4,2,2,1,2,2,1,1,4,4,4,1,2,1,1,1,1,1,1
67,PROFESSORA DORINHA SEABRA REZEN,DEM,TO,2,1,2,2,3,2,1,1,2,1,1,2,1,1,1,1,1,1,1
68,ALUISIO MENDES,PSDC,MA,2,2,2,2,2,2,1,1,4,2,1,2,2,2,1,1,2,2,1
70,CLEBER VERDE,PRB,MA,2,2,2,2,2,2,1,1,4,2,1,4,4,4,4,4,1,1,1
72,ANDRE FUFUCA,PEN,MA,4,2,1,1,2,2,1,1,2,2,1,1,2,1,1,1,1,1,1
73,ELIZIANE GAMA,PPS,MA,2,1,2,2,1,2,2,1,4,1,1,2,1,2,2,1,1,1,1
74,HILDO ROCHA,PMDB,MA,2,2,1,1,2,2,1,1,2,1,1,1,1,2,1,1,1,1,1
75,JOAO CASTELO,PSDB,MA,4,1,1,1,3,2,1,1,4,1,5,4,2,1,2,1,1,1,1
76,JOAO MARCELO SOUZA,PMDB,MA,2,2,1,1,2,2,1,1,4,3,1,4,4,4,4,4,4,4,4
77,JOSE REINALDO,PSB,MA,2,2,1,1,1,2,1,1,4,1,1,1,2,1,1,1,1,1,1
78,JUNIOR MARRECA,PEN,MA,2,2,1,1,2,2,1,4,2,2,1,4,1,1,1,1,4,1,1
79,JUSCELINO FILHO,PRP,MA,4,2,1,1,2,2,1,1,4,4,1,2,2,1,1,2,1,1,1
80,PEDRO FERNANDES,PTB,MA,2,2,2,1,2,2,1,1,2,2,1,1,1,2,2,1,1,1,1
81,RUBENS PEREIRA JUNIOR,PCdoB,MA,1,2,1,2,1,1,2,1,2,2,1,2,2,2,2,1,1,1,1
82,VICTOR MENDES,PV,MA,2,1,1,2,1,2,1,1,2,2,1,1,2,1,2,1,1,1,1
83,WEVERTON ROCHA,PDT,MA,2,2,2,2,1,1,2,1,4,1,1,2,2,1,1,1,1,1,1
84,WALDIR MARANHAO,PP,MA,2,4,1,1,2,2,1,1,4,2,1,4,4,4,4,4,1,1,1
85,SARNEY FILHO,PV,MA,4,1,2,2,1,2,1,4,4,2,1,4,1,1,1,4,2,2,4
86,ZE CARLOS,PT,MA,2,2,2,2,1,3,2,1,1,2,1,2,2,1,2,1,1,1,1
87,ANIBAL GOMES,PMDB,CE,4,2,1,1,4,2,1,1,4,1,1,4,4,4,4,4,4,4,4
88,CHICO LOPES,PCdoB,CE,1,2,1,2,1,1,2,1,2,2,1,2,2,2,2,1,4,4,4
89,ANDRE FIGUEIREDO,PDT,CE,2,2,2,2,1,1,2,1,2,4,4,4,4,4,4,4,4,4,4
90,ARNON BEZERRA,PTB,CE,2,2,1,1,4,2,1,2,4,4,4,4,4,4,4,4,1,4,1
91,RONALDO MARTINS,PRB,CE,2,2,2,2,2,2,1,1,4,2,1,2,2,2,2,1,2,1,1
92,ADAIL CARNEIRO,PHS,CE,2,2,1,1,2,2,1,1,2,2,1,2,2,1,2,1,1,1,1
93,ANTONIO BALHMANN,PROS,CE,2,2,2,1,2,2,2,1,4,1,2,4,4,4,4,4,4,4,4
94,CABO SABINO,PR,CE,2,2,2,2,1,1,1,1,2,2,1,2,1,2,1,1,1,4,1
95,DANILO FORTE,PMDB,CE,2,2,1,1,2,2,1,1,2,1,1,2,2,1,1,1,2,2,1
96,LEONIDAS CRISTINO,PROS,CE,2,1,2,2,1,2,1,1,2,1,1,2,2,1,1,1,1,1,1
97,DOMINGOS NETO,PROS,CE,2,2,1,2,2,2,1,1,4,1,1,4,4,4,4,4,4,4,4
98,LUIZIANNE LINS,PT,CE,2,2,2,2,1,3,2,1,1,2,1,2,2,1,2,1,4,1,2
99,GENECIAS NORONHA,Solidarie,CE,2,2,1,1,2,2,1,1,4,2,1,2,2,1,1,1,1,1,1
100,GORETE PEREIRA,PR,CE,4,4,4,4,4,4,4,4,4,4,4,4,4,1,1,4,1,2,4
101,JOSE AIRTON CIRILO,PT,CE,2,2,2,2,1,3,2,1,1,2,1,2,2,1,2,1,1,1,1
102,RAIMUNDO GOMES DE MATOS,PSDB,CE,2,1,2,1,4,4,4,4,4,4,4,2,2,1,1,1,1,1,1
103,JOSE GUIMARAES,PT,CE,2,2,2,2,1,1,2,1,4,2,1,2,2,1,2,1,4,4,4
104,MACEDO,PSL,CE,2,2,1,2,2,2,1,1,2,2,1,2,2,1,1,1,1,1,1
105,MORONI TORGAN,DEM,CE,2,1,1,2,3,2,1,1,2,1,1,1,1,2,2,1,1,1,1
106,MOSES RODRIGUES,PPS,CE,2,1,1,2,1,2,2,1,2,2,1,2,1,2,2,1,1,1,1
107,ODORICO MONTEIRO,PT,CE,2,2,2,2,1,3,2,1,1,2,1,2,2,1,1,1,1,1,1
108,VITOR VALIM,PMDB,CE,2,2,1,2,2,2,1,1,4,2,1,1,1,1,1,1,1,1,1
109,ATILA LIRA,PSB,PI,2,2,2,1,1,2,1,1,2,1,1,2,2,1,1,1,1,1,1
110,MARCELO CASTRO,PMDB,PI,2,1,2,2,1,1,2,1,4,1,2,2,2,1,1,2,1,1,1
111,ASSIS CARVALHO,PT,PI,2,2,2,2,1,3,2,1,4,1,1,4,2,1,2,1,1,4,4
113,IRACEMA PORTELLA,PP,PI,4,2,1,1,1,2,1,1,4,2,1,1,4,1,1,1,2,2,1
114,JULIO CESAR,PSD,PI,4,2,1,1,2,2,1,1,2,2,1,2,2,1,1,1,1,1,4
115,HERACLITO FORTES,PSB,PI,2,2,1,1,2,2,1,1,4,2,2,2,2,1,4,4,2,2,1
117,RODRIGO MARTINS,PSB,PI,2,2,2,1,1,2,2,1,4,1,2,2,2,1,1,1,1,1,1
118,PAES LANDIM,PTB,PI,4,1,1,1,2,2,1,1,4,2,1,1,2,2,2,1,2,2,1
119,FABIO FARIA,PSD,RN,2,2,2,1,2,2,1,1,4,1,4,2,2,1,1,1,1,1,1
120,FELIPE MAIA,DEM,RN,2,2,1,1,3,4,1,1,4,2,1,4,1,2,1,1,1,1,1
121,ANTONIO JACOME,PMN,RN,2,2,2,2,2,2,1,1,2,2,1,2,1,2,1,1,1,1,1
122,BETO ROSADO,PP,RN,2,2,2,1,2,2,1,1,4,2,4,1,2,1,1,1,4,1,1
123,RAFAEL MOTTA,PROS,RN,2,4,2,2,1,2,1,1,4,2,1,4,4,1,1,1,4,4,4
124,ROGERIO MARINHO,PSDB,RN,2,1,1,1,3,2,1,1,2,1,5,2,1,1,2,1,2,1,1
125,WALTER ALVES,PMDB,RN,2,2,1,1,2,2,1,1,2,1,1,1,1,1,1,1,1,1,1
126,ZENAIDE MAIA,PR,RN,2,2,2,1,2,2,1,1,4,2,1,2,2,1,1,1,2,1,1
127,DAMIAO FELICIANO,PDT,PB,2,2,2,2,1,1,2,1,4,2,1,4,4,4,4,4,4,4,4
128,EFRAIM FILHO,DEM,PB,2,1,1,1,4,4,1,2,4,2,1,2,1,2,1,1,1,1,1
129,AGUINALDO RIBEIRO,PP,PB,2,2,1,1,2,4,1,1,2,2,1,2,2,1,1,1,1,2,1
130,MANOEL JUNIOR,PMDB,PB,4,2,1,1,2,2,1,1,4,2,1,1,1,1,4,4,4,4,4
131,BENJAMIN MARANHAO,Solidarie,PB,4,4,2,1,3,2,1,1,2,2,1,4,4,4,4,4,4,4,4
132,HUGO MOTTA,PMDB,PB,4,2,1,1,2,4,1,1,4,4,1,4,2,1,1,1,4,4,4
133,LUIZ COUTO,PT,PB,2,2,2,2,1,3,2,1,1,2,1,2,2,1,2,1,1,1,1
134,ROMULO GOUVEIA,PSD,PB,2,2,1,1,2,2,1,1,4,2,1,1,1,1,1,1,1,1,1
135,PEDRO CUNHA LIMA,PSDB,PB,2,1,1,1,3,2,1,1,4,1,5,2,2,2,2,1,1,1,1
136,WELLINGTON ROBERTO,PR,PB,2,2,2,1,2,2,1,1,4,2,1,2,2,1,1,1,4,4,4
137,VENEZIANO VITAL DO REGO,PMDB,PB,2,2,1,1,2,2,1,1,2,1,1,1,2,1,1,1,1,1,1
138,ADALBERTO CAVALCANTI,PTB,PE,2,2,1,1,2,2,1,1,2,2,1,4,1,1,1,1,1,1,1
139,WILSON FILHO,PTB,PB,2,2,1,4,4,4,1,1,4,2,1,1,1,1,1,1,1,1,1
141,BETINHO GOMES,PSDB,PE,2,1,2,1,3,2,1,1,2,1,5,2,1,1,2,1,1,1,1
142,ANDERSON FERREIRA,PR,PE,2,2,2,1,2,2,1,1,4,2,1,4,4,1,2,1,1,1,1
143,GONZAGA PATRIOTA,PSB,PE,4,2,2,2,1,2,2,1,4,2,1,2,2,1,2,1,1,1,1
144,DANIEL COELHO,PSDB,PE,2,1,1,3,3,2,1,1,2,1,1,2,1,1,2,1,2,1,1
146,BRUNO ARAUJO,PSDB,PE,4,1,1,1,3,4,1,1,2,1,1,2,2,1,2,1,2,1,1
147,JARBAS VASCONCELOS,PMDB,PE,2,1,2,1,1,2,1,1,2,1,1,1,1,1,2,1,1,1,1
149,JOAO FERNANDO COUTINHO,PSB,PE,2,2,2,2,1,2,1,1,2,1,2,4,2,1,1,1,1,1,1
150,JORGE CORTE REAL,PTB,PE,2,2,1,1,2,2,1,1,2,1,1,2,2,1,1,1,1,1,1
151,KAIO MANICOBA,PHS,PE,2,4,1,1,2,2,1,1,4,2,1,2,2,1,2,1,1,1,1
152,MARINALDO ROSENDO,PSB,PE,4,2,1,2,2,2,2,1,2,1,1,2,2,1,1,1,1,1,1
153,LUCIANA SANTOS,PCdoB,PE,1,2,1,2,1,1,2,1,4,2,1,2,2,2,2,1,1,4,4
154,MENDONCA FILHO,DEM,PE,4,1,1,1,3,2,1,2,4,2,1,1,1,2,2,1,2,4,1
155,PASTOR EURICO,PSB,PE,2,2,1,1,3,2,2,2,4,1,1,2,2,1,1,1,1,1,1
156,EDUARDO DA FONTE,PP,PE,4,4,4,4,4,4,4,4,4,4,4,4,4,4,2,1,4,4,4
157,RICARDO TEOBALDO,PTB,PE,2,2,1,1,2,2,1,1,4,2,1,1,2,1,1,1,4,4,4
158,FERNANDO COELHO FILHO,PSB,PE,2,2,2,1,2,2,1,1,4,1,2,1,2,1,1,1,1,1,1
160,SILVIO COSTA,PSC,PE,2,2,2,1,2,2,1,1,4,1,2,2,2,2,2,1,2,1,1
161,TADEU ALENCAR,PSB,PE,2,2,2,2,1,1,2,1,4,1,2,2,2,1,1,1,2,2,1
162,ARTHUR LIRA,PP,AL,2,2,1,1,2,2,1,1,2,2,1,1,4,2,4,4,2,2,1
163,ZECA CAVALCANTI,PTB,PE,2,2,1,1,2,2,1,1,2,2,1,2,2,1,1,1,1,1,1
164,WOLNEY QUEIROZ,PDT,PE,2,2,2,2,1,1,2,1,4,1,1,4,2,2,1,1,1,1,1
165,CICERO ALMEIDA,PRTB,AL,2,2,1,2,2,2,1,1,2,2,1,1,2,1,1,1,1,1,1
166,GIVALDO CARIMBAO,PROS,AL,2,1,2,1,2,2,1,1,2,2,1,2,4,1,2,1,1,1,1
167,JHC,Solidarie,AL,4,2,2,2,1,3,2,1,4,2,1,2,1,2,1,1,4,4,4
168,MAURICIO QUINTELLA LESSA,PR,AL,2,2,2,1,2,2,1,1,4,2,1,2,2,1,1,1,1,1,1
169,MARX BELTRAO,PMDB,AL,2,2,1,1,2,2,1,2,2,2,1,1,1,1,1,1,2,1,4
170,PAULAO,PT,AL,2,2,2,2,1,3,2,1,4,1,1,4,2,1,2,1,1,1,1
172,PEDRO VILELA,PSDB,AL,4,4,4,4,4,4,4,4,4,4,4,2,1,2,2,1,1,1,1
173,RONALDO LESSA,PDT,AL,2,2,2,4,4,4,4,4,4,1,1,2,1,1,1,1,1,2,1
174,ANDRE MOURA,PSC,SE,2,2,1,1,2,2,1,1,4,2,4,4,4,1,1,4,1,1,4
175,ADELSON BARRETO,PTB,SE,2,2,1,1,2,2,1,1,2,1,1,1,1,1,1,1,4,1,1
176,LAERCIO OLIVEIRA,Solidarie,SE,4,4,1,1,2,2,4,1,4,4,4,4,4,4,4,4,4,4,4
177,FABIO MITIDIERI,PSD,SE,2,2,2,1,2,2,1,1,4,1,2,4,2,1,1,1,1,1,1
178,FABIO REIS,PMDB,SE,2,2,1,1,2,2,1,1,2,2,1,1,1,1,1,1,1,1,1
179,JOAO DANIEL,PT,SE,1,2,2,2,1,3,2,1,1,2,1,2,2,1,2,1,1,1,1
180,ALICE PORTUGAL,PCdoB,BA,1,2,1,2,1,1,2,1,4,2,1,2,2,2,2,1,1,4,4
181,JONY MARCOS,PRB,SE,2,2,2,2,2,2,1,1,4,2,1,2,1,2,2,1,4,4,4
182,AFONSO FLORENCE,PT,BA,2,2,2,2,1,3,2,1,4,2,1,2,2,1,2,1,1,1,1
183,VALADARES FILHO,PSB,SE,2,2,2,2,1,2,1,1,4,1,1,4,4,4,4,4,4,4,4
184,BACELAR,PTN,BA,2,2,2,2,1,2,1,1,2,2,1,2,2,2,2,1,2,2,1
185,BEBETO,PSB,BA,2,2,2,2,1,1,2,1,2,1,1,2,2,1,1,1,1,1,1
186,CLAUDIO CAJADO,DEM,BA,2,2,1,1,3,2,1,1,2,4,4,1,1,4,4,4,4,4,4
187,JOAO CARLOS BACELAR,PR,BA,4,2,2,1,2,2,1,1,2,4,1,2,2,1,4,1,1,4,4
188,DANIEL ALMEIDA,PCdoB,BA,1,2,1,2,1,1,2,1,2,2,1,2,2,2,2,1,1,4,4
189,ANTONIO BRITO,PTB,BA,2,2,1,1,3,2,1,1,2,2,1,2,2,2,1,1,1,1,1
190,BENITO GAMA,PTB,BA,2,2,1,1,2,2,1,1,4,4,4,4,2,1,2,1,2,1,1
191,ANTONIO IMBASSAHY,PSDB,BA,2,1,2,1,3,2,1,1,4,1,1,2,1,2,2,1,4,1,1
192,ARTHUR OLIVEIRA MAIA,Solidarie,BA,4,2,1,1,1,3,1,1,4,4,4,4,4,4,4,4,4,4,4
193,CACA LEAO,PP,BA,2,2,1,1,2,2,1,1,2,2,1,1,2,1,1,1,1,1,1
194,ERIVELTON SANTANA,PSC,BA,2,2,1,1,2,2,1,1,4,2,1,2,2,1,1,1,2,2,1
195,FELIX MENDONCA JUNIOR,PDT,BA,2,2,2,2,1,1,2,1,2,1,1,2,2,1,1,1,1,1,1
196,CAETANO,PT,BA,2,2,2,2,1,3,2,1,1,2,1,2,2,1,2,2,4,4,4
197,JOSE CARLOS ARAUJO,PSD,BA,2,2,2,1,2,2,1,1,2,2,1,1,2,1,1,1,2,1,1
198,ELMAR NASCIMENTO,DEM,BA,2,1,1,1,3,4,1,1,4,1,1,1,1,2,1,1,1,1,4
199,IRMAO LAZARO,PSC,BA,2,2,2,1,1,2,2,1,2,2,1,1,1,2,1,1,4,4,4
200,JOAO GUALBERTO,PSDB,BA,2,1,1,1,3,2,1,4,2,1,1,4,2,1,1,1,1,1,1
201,JOSE NUNES,PSD,BA,2,2,1,2,1,1,2,1,4,1,1,2,1,1,1,1,2,1,1
203,JOSE ROCHA,PR,BA,2,2,2,1,2,2,1,1,4,2,1,4,4,4,4,4,4,4,4
204,JORGE SOLLA,PT,BA,2,2,2,2,1,1,2,1,4,4,1,4,2,1,1,4,1,4,4
205,LUCIO VIEIRA LIMA,PMDB,BA,4,2,1,1,4,2,1,1,4,1,1,4,4,4,4,4,4,4,4
206,JUTAHY JUNIOR,PSDB,BA,2,1,1,1,2,2,1,1,2,1,1,2,2,2,2,1,2,2,1
207,JOSE CARLOS ALELUIA,DEM,BA,1,1,2,1,4,2,1,2,4,1,1,1,1,2,2,1,1,1,1
208,MARIO NEGROMONTE JR ,PP,BA,2,2,1,1,2,2,1,4,2,2,1,1,2,1,1,1,1,1,1
210,MOEMA GRAMACHO,PT,BA,2,2,2,2,1,3,2,1,1,2,1,2,2,1,2,1,4,4,4
211,ROBERTO BRITTO,PP,BA,2,2,1,1,2,2,4,1,2,2,1,2,2,1,1,1,1,1,1
212,MARCIO MARINHO,PRB,BA,2,2,2,2,2,2,1,1,2,2,1,2,2,2,2,1,1,1,1
213,SERGIO BRITO,PSD,BA,2,2,1,2,2,2,1,1,2,1,1,4,1,1,1,1,1,1,1
214,PAULO MAGALHAES,PSD,BA,2,2,2,2,2,2,1,1,2,2,1,2,2,1,2,1,2,1,1
215,PAULO AZI,DEM,BA,2,1,1,1,3,2,1,1,2,1,1,1,1,1,2,1,1,1,1
216,RONALDO CARLETTO,PP,BA,2,2,1,1,2,2,1,1,4,4,4,1,2,1,1,1,2,1,1
217,TIA ERON,PRB,BA,2,4,2,2,2,2,1,1,2,2,1,4,2,2,2,1,2,1,1
218,VALMIR ASSUNCAO,PT,BA,1,2,2,2,1,1,2,1,1,1,1,2,2,1,2,1,1,1,1
219,WALDENOR PEREIRA,PT,BA,4,2,2,2,1,3,2,1,4,1,1,2,2,1,2,1,4,4,4
220,ULDURICO JUNIOR,PTC,BA,2,2,2,2,2,2,1,1,1,2,1,2,2,2,1,1,1,1,1
221,ADELMO CARNEIRO LEAO,PT,MG,2,2,2,2,1,1,2,1,1,2,1,2,2,1,4,1,1,1,1
222,BONIFACIO DE ANDRADA,PSDB,MG,3,1,1,1,3,2,1,1,2,1,5,2,2,2,2,1,2,1,1
223,BRUNNY,PTC,MG,2,2,2,2,4,4,4,4,4,4,4,1,2,2,2,1,2,1,1
224,AELTON FREITAS,PR,MG,2,2,2,1,2,2,1,1,2,2,1,2,2,1,1,1,1,1,1
225,CAIO NARCIO,PSDB,MG,2,1,2,1,3,2,1,1,2,1,1,2,2,1,2,1,1,1,1
226,CARLOS MELLES,DEM,MG,2,1,1,1,4,2,1,2,2,1,1,4,1,2,2,4,4,1,1
227,DAMINA PEREIRA,PMN,MG,2,2,2,1,2,2,1,1,2,2,1,2,2,1,1,1,1,1,1
228,DIEGO ANDRADE,PSD,MG,4,2,2,1,2,2,1,1,4,1,1,4,4,4,4,4,4,4,4
229,DELEGADO EDSON MOREIRA,PTN,MG,2,2,2,1,2,2,1,1,2,2,1,2,2,2,2,1,2,2,1
230,EDUARDO BARBOSA,PSDB,MG,2,1,2,1,3,2,1,1,2,1,5,2,2,1,1,1,2,1,1
231,DIMAS FABIANO,PP,MG,2,2,1,1,2,2,1,1,2,2,4,1,1,1,1,1,1,1,1
232,BILAC PINTO,PR,MG,2,2,2,1,2,2,1,1,2,2,1,2,2,1,1,4,1,1,1
233,DOMINGOS SAVIO,PSDB,MG,2,1,2,1,3,2,1,1,2,1,5,4,2,1,2,1,4,4,4
234,LAUDIVIO CARVALHO,PMDB,MG,2,2,1,1,2,2,1,1,4,2,1,1,1,1,1,1,1,1,1
235,MARCELO ALVARO ANTONIO,PRP,MG,2,2,1,2,2,2,1,1,4,2,1,2,2,2,2,1,4,1,1
236,MARCELO ARO,PHS,MG,2,2,1,1,2,2,1,1,2,2,1,1,2,1,2,1,1,1,1
237,MARGARIDA SALOMAO,PT,MG,2,2,2,2,1,3,2,1,4,2,1,2,2,1,2,4,4,4,4
238,FABIO RAMALHO,PV,MG,4,2,1,1,2,4,1,1,2,1,1,4,2,1,1,1,2,1,1
239,MARIO HERINGER,PDT,MG,4,4,4,4,4,4,4,4,4,4,4,1,2,1,1,1,1,2,1
240,JAIME MARTINS,PSD,MG,2,2,1,1,1,2,1,1,2,1,2,4,1,1,1,1,1,1,1
242,EROS BIONDINI,PTB,MG,2,2,1,1,2,2,1,1,2,1,1,2,2,1,1,1,1,1,4
243,LINCOLN PORTELA,PR,MG,2,2,2,2,2,2,1,1,4,2,1,4,4,4,4,4,1,1,1
244,GABRIEL GUIMARAES,PT,MG,2,2,2,2,1,3,2,1,4,2,1,2,2,1,2,4,4,4,4
245,MISAEL VARELLA,DEM,MG,2,2,1,2,3,2,1,1,2,1,1,2,1,1,1,1,2,2,1
246,JO MORAES,PCdoB,MG,1,2,1,2,1,1,2,1,2,2,1,4,2,2,2,1,1,1,1
247,NEWTON CARDOSO JR,PMDB,MG,1,4,1,1,2,2,1,1,4,1,1,4,2,1,1,1,1,1,1
248,ODELMO LEAO,PP,MG,2,2,1,2,2,2,1,1,2,1,2,2,2,1,1,1,1,1,2
250,JULIO DELGADO,PSB,MG,2,2,2,1,1,2,2,1,4,3,1,4,2,1,1,1,2,2,1
251,LUIS TIBE,PTdoB,MG,2,2,2,2,2,2,1,1,4,2,1,4,2,2,2,1,4,1,1
252,MAURO LOPES,PMDB,MG,2,2,1,1,2,2,1,1,4,1,1,4,4,4,4,4,4,4,4
253,LEONARDO MONTEIRO,PT,MG,4,2,2,2,1,1,2,1,1,1,4,2,2,1,2,1,1,1,1
254,MARCUS PESTANA,PSDB,MG,2,1,2,1,3,2,1,1,2,1,5,2,2,1,2,1,1,1,1
255,LEONARDO QUINTAO,PMDB,MG,2,2,1,1,2,2,1,1,2,1,1,1,2,1,1,1,1,1,1
256,LUIZ FERNANDO FARIA,PP,MG,2,2,1,4,2,3,1,4,2,2,1,1,2,1,1,1,1,1,1
257,MARCOS MONTES,PSD,MG,4,2,1,1,2,2,1,1,4,1,1,1,1,1,2,1,1,1,1
258,RAQUEL MUNIZ,PSC,MG,2,2,1,2,2,2,1,1,2,2,1,2,2,1,1,1,1,1,1
259,PADRE JOAO,PT,MG,2,2,2,2,1,1,2,1,4,1,1,4,2,1,2,1,1,1,1
260,RODRIGO PACHECO,PMDB,MG,2,2,1,2,1,2,1,1,4,1,1,4,4,4,4,4,1,1,1
262,RENZO BRAZ,PP,MG,2,2,1,1,1,2,1,1,4,2,1,1,2,1,1,1,1,1,1
263,PAULO ABI ACKEL,PSDB,MG,2,1,1,1,3,2,1,1,4,1,1,4,2,1,2,1,2,1,4
264,TONINHO PINHEIRO,PP,MG,2,2,1,1,2,2,1,1,4,2,1,1,2,1,1,1,1,1,1
265,SARAIVA FELIPE,PMDB,MG,4,4,4,4,2,2,1,1,2,2,1,2,2,1,1,1,1,1,1
266,TENENTE LUCIO,PSB,MG,2,2,2,1,1,2,1,1,2,1,2,1,1,1,1,1,1,1,1
267,STEFANO AGUIAR,PSB,MG,2,2,1,1,2,2,1,1,2,1,1,2,2,1,1,1,1,1,1
268,RODRIGO DE CASTRO,PSDB,MG,2,1,1,1,2,2,1,1,4,1,1,2,2,1,1,1,1,1,1
270,WELITON PRADO,PT,MG,3,3,3,3,3,3,3,3,4,3,3,3,3,3,3,3,3,3,3
271,ZE SILVA,Solidarie,MG,2,2,1,1,2,2,1,1,2,2,1,2,2,1,1,1,1,1,1
272,REGINALDO LOPES,PT,MG,2,2,2,2,1,3,2,1,1,2,1,4,2,1,2,1,1,1,4
273,SUBTENENTE GONZAGA,PDT,MG,4,4,2,2,1,1,2,1,4,1,1,4,2,1,1,1,1,2,1
274,EVAIR DE MELO,PV,ES,2,1,2,1,2,2,2,1,2,1,1,4,1,1,1,1,1,1,1
275,CARLOS MANATO,Solidarie,ES,2,2,1,1,2,2,1,1,2,2,1,2,2,1,1,1,1,1,1
276,GIVALDO VIEIRA,PT,ES,2,2,2,2,1,3,2,1,4,2,1,4,2,1,2,1,1,1,1
277,LELO COIMBRA,PMDB,ES,2,1,2,2,2,2,1,1,2,1,1,4,1,1,1,1,4,4,4
278,DR  JORGE SILVA,PROS,ES,2,1,2,2,2,2,2,1,2,1,1,2,2,1,1,1,2,1,1
279,HELDER SALOMAO,PT,ES,2,2,2,2,1,3,2,1,4,1,1,2,2,1,2,1,1,1,3
280,PAULO FOLETTO,PSB,ES,2,2,2,2,1,2,2,1,2,1,2,2,2,1,1,1,2,2,1
281,MARCUS VICENTE,PP,ES,2,2,1,1,2,2,1,1,2,2,1,2,2,4,4,4,4,4,4
282,MAX FILHO,PSDB,ES,2,1,3,2,3,3,2,1,4,1,5,4,1,3,2,1,1,1,1
283,SERGIO VIDIGAL,PDT,ES,2,2,2,2,1,3,2,1,4,1,3,2,3,3,3,1,4,4,4
284,ALEXANDRE SERFIOTIS,PSD,RJ,2,2,2,1,2,2,1,1,2,1,1,2,2,2,2,1,1,1,2
285,ALEXANDRE VALLE,PRP,RJ,2,2,2,1,2,2,1,1,4,2,1,2,1,1,2,2,1,1,1
286,ALTINEU CORTES,PR,RJ,2,2,2,1,2,4,4,1,4,2,1,2,2,1,1,1,1,1,1
287,ALESSANDRO MOLON,PT,RJ,2,2,2,2,1,3,2,1,4,2,1,2,2,1,2,1,1,1,3
289,CABO DACIOLO,NA,RJ,4,4,4,4,1,1,2,1,1,1,1,2,1,2,2,1,1,1,1
290,AUREO,Solidarie,RJ,4,2,2,1,2,2,1,1,4,2,1,4,4,4,4,4,4,4,4
291,BENEDITA DA SILVA,PT,RJ,2,2,2,2,1,3,2,1,1,2,1,2,2,1,2,1,1,1,1
292,CELSO PANSERA,PMDB,RJ,4,2,1,1,2,2,1,2,4,2,1,1,1,2,1,1,1,1,1
293,CHICO D ANGELO,PT,RJ,2,2,2,2,1,4,2,1,4,2,1,4,2,1,2,1,1,1,1
294,CLARISSA GAROTINHO,PR,RJ,2,1,2,2,1,2,2,1,4,1,1,2,2,1,2,4,1,1,1
295,CHICO ALENCAR,PSOL,RJ,2,2,2,2,1,1,5,1,4,1,1,2,2,1,2,1,1,1,1
296,CRISTIANE BRASIL,PTB,RJ,2,2,1,1,2,2,1,1,4,4,4,4,4,4,4,4,4,4,4
297,FRANCISCO FLORIANO,PR,RJ,2,2,2,1,2,2,1,1,4,2,1,2,2,1,1,1,1,1,1
298,DELEY,PTB,RJ,2,2,1,1,2,2,1,1,2,2,1,4,4,4,4,4,4,4,4
299,DR  JOAO,PR,RJ,2,2,2,1,2,2,1,1,2,2,1,2,2,1,2,1,1,1,1
301,FELIPE BORNIER,PSD,RJ,2,2,1,1,2,2,1,1,2,1,1,1,1,1,1,1,1,1,1
302,JAIR BOLSONARO,PP,RJ,2,2,1,1,2,2,1,1,2,2,1,1,2,1,1,1,1,1,1
303,EZEQUIEL TEIXEIRA,Solidarie,RJ,2,2,3,1,2,2,1,1,2,2,1,2,1,1,2,1,2,1,1
304,GLAUBER BRAGA,PSB,RJ,1,2,2,2,1,1,2,1,2,1,1,2,2,2,2,1,1,1,2
305,JANDIRA FEGHALI,PCdoB,RJ,1,2,1,2,1,1,2,1,2,2,1,2,2,2,2,1,4,4,4
306,HUGO LEAL,PROS,RJ,2,1,1,1,2,2,1,1,4,4,1,4,4,4,4,4,4,4,4
307,JEAN WYLLYS,PSOL,RJ,2,2,2,2,1,1,5,1,1,1,1,2,2,1,2,1,1,1,4
308,JULIO LOPES,PP,RJ,2,2,1,1,2,2,1,1,4,1,2,2,2,1,2,1,4,1,1
310,FERNANDO JORDAO,PMDB,RJ,4,2,1,1,2,2,1,1,4,2,4,1,1,1,1,1,1,1,1
311,MARCELO MATOS,PDT,RJ,2,2,2,2,1,3,2,1,2,2,1,2,2,1,1,1,1,1,1
312,LEONARDO PICCIANI,PMDB,RJ,2,2,1,1,2,2,1,1,2,2,1,1,1,2,1,1,1,1,1
313,LUIZ SERGIO,PT,RJ,2,2,2,2,1,1,2,1,1,2,1,4,2,1,2,1,1,1,1
315,INDIO DA COSTA,PSD,RJ,2,2,2,1,2,2,1,1,2,1,1,4,1,2,2,1,1,1,1
316,OTAVIO LEITE,PSDB,RJ,2,1,1,1,3,2,1,1,4,4,4,1,2,1,4,1,4,4,4
317,MIRO TEIXEIRA,PROS,RJ,2,2,1,2,1,2,2,1,2,2,2,1,1,2,2,1,1,1,1
318,LUIZ CARLOS RAMOS,PSDC,RJ,1,1,1,1,2,2,1,1,2,2,1,1,1,2,2,1,1,1,1
320,SERGIO ZVEITER,PSD,RJ,4,4,4,4,4,4,4,4,4,4,4,4,2,1,1,1,1,1,4
321,MARCOS SOARES,PR,RJ,4,4,4,4,2,2,4,1,4,2,1,2,1,1,1,1,3,2,1
322,RODRIGO MAIA,DEM,RJ,2,2,1,1,3,2,1,1,2,2,1,2,1,2,2,1,2,1,1
323,PAULO FEIJO,PR,RJ,4,4,4,4,4,4,4,4,4,4,4,2,2,1,2,1,1,2,1
324,ROBERTO SALES,PRB,RJ,2,2,2,2,2,2,1,1,4,2,1,2,2,1,2,1,1,1,1
325,ROSANGELA GOMES,PRB,RJ,2,2,2,2,2,2,1,1,4,2,1,2,2,2,2,1,2,2,1
326,WASHINGTON REIS,PMDB,RJ,4,2,1,1,2,2,4,4,4,4,4,4,4,4,4,4,4,4,4
327,SIMAO SESSIM,PP,RJ,4,4,4,4,4,4,4,4,4,4,4,4,4,4,4,4,4,4,4
328,SORAYA SANTOS,PMDB,RJ,4,2,1,1,2,2,1,1,1,2,1,4,4,4,4,4,4,4,4
329,SOSTENES CAVALCANTE,PSD,RJ,2,2,1,1,2,2,1,1,2,1,1,1,1,1,2,1,4,1,1
330,RENATA ABREU,PTN,SP,2,2,1,2,1,2,2,1,4,2,1,2,2,1,2,1,1,1,1
331,ALEX MANENTE,PPS,SP,2,1,2,2,1,2,2,1,2,1,1,4,1,2,2,1,1,1,1
332,ANA PERUGINI,PT,SP,2,2,2,2,1,3,2,1,4,2,1,4,2,1,2,1,1,1,3
333,ANTONIO BULHOES,PRB,SP,2,2,2,2,2,2,1,1,2,2,1,2,2,2,2,1,2,2,1
334,ALEXANDRE LEITE,DEM,SP,2,2,1,1,3,2,1,1,4,1,1,2,1,1,1,1,1,1,1
335,BRUNA FURLAN,PSDB,SP,2,1,1,1,3,2,1,1,2,3,4,2,2,1,2,1,4,4,4
336,ARLINDO CHINAGLIA,PT,SP,2,2,2,2,1,3,2,1,4,2,1,2,2,1,2,1,4,4,4
337,ARNALDO FARIA DE SA,PTB,SP,2,1,1,1,2,2,1,1,2,2,1,1,1,2,2,1,1,1,1
338,CARLOS SAMPAIO,PSDB,SP,4,1,2,1,3,3,1,1,4,4,4,4,2,1,2,4,1,1,1
340,BETO MANSUR,PRB,SP,2,4,2,1,2,2,1,1,4,1,1,4,4,4,4,4,4,4,4
341,ANDRES SANCHEZ,PT,SP,2,2,2,2,1,3,2,1,1,1,1,2,2,1,2,4,1,1,1
342,BALEIA ROSSI,PMDB,SP,2,2,1,2,1,2,1,1,2,1,1,1,1,2,1,3,1,1,1
343,BRUNO COVAS,PSDB,SP,2,1,2,1,3,2,1,1,2,1,5,2,2,2,2,1,1,1,1
345,ELI CORREA FILHO,DEM,SP,4,4,4,4,3,2,1,1,4,2,4,1,1,2,4,4,4,1,1
346,CAPITAO AUGUSTO,PR,SP,2,2,2,1,2,2,1,1,2,2,1,2,2,1,2,1,1,1,1
347,CELSO RUSSOMANNO,PRB,SP,2,2,2,2,2,2,1,1,4,2,1,2,2,2,2,1,2,2,4
348,GUILHERME MUSSI,PP,SP,2,2,1,1,2,2,1,1,4,4,4,1,2,1,4,4,1,4,4
349,JEFFERSON CAMPOS,PSD,SP,2,2,1,1,2,2,1,1,2,1,1,2,2,1,1,1,2,1,1
351,DR  SINVAL MALHEIROS,PV,SP,4,1,2,2,2,2,1,1,4,4,4,4,4,4,4,4,4,4,4
352,EDUARDO BOLSONARO,PSC,SP,2,2,1,1,2,2,1,1,2,2,1,1,3,1,1,1,1,1,1
353,EDUARDO CURY,PSDB,SP,2,1,2,1,3,2,1,1,2,1,5,2,1,2,2,1,1,1,1
354,EVANDRO GUSSI,PV,SP,2,1,1,1,2,2,1,1,2,2,1,4,2,1,2,1,1,2,1
355,FAUSTO PINATO,PRB,SP,2,2,2,2,4,2,1,1,4,2,1,4,2,2,2,1,1,1,1
356,KEIKO OTA,PSB,SP,2,2,2,1,1,2,1,1,4,1,2,2,2,1,1,1,4,1,1
357,FLAVINHO,PSB,SP,2,2,2,2,1,2,2,1,2,1,2,2,2,1,2,1,4,1,1
359,IVAN VALENTE,PSOL,SP,2,2,2,2,1,1,5,1,1,1,1,2,2,1,2,1,1,1,1
360,GILBERTO NASCIMENTO,PSC,SP,2,2,1,1,2,2,1,1,4,2,1,4,4,4,4,4,1,1,1
361,GOULART,PSD,SP,2,2,2,1,2,2,1,1,4,1,1,2,2,1,1,1,1,1,1
362,HERCULANO PASSOS,PSD,SP,2,2,2,1,2,2,1,1,2,2,1,2,2,1,2,1,1,1,1
363,JORGE TADEU MUDALEN,DEM,SP,2,2,1,2,3,2,1,1,4,1,1,1,1,2,2,1,1,1,1
364,JOAO PAULO PAPA,PSDB,SP,2,1,2,1,3,2,1,1,4,1,5,2,2,2,2,1,1,1,1
365,LUIZ LAURO FILHO,PSB,SP,2,2,2,1,2,2,1,1,4,1,2,2,2,1,2,1,1,1,1
366,MARA GABRILLI,PSDB,SP,2,1,2,3,3,2,1,1,2,1,4,4,4,4,4,4,4,4,4
367,JOSE MENTOR,PT,SP,2,2,2,2,1,3,2,1,1,2,1,2,2,1,2,1,1,1,1
368,MAJOR OLIMPIO,PDT,SP,2,2,2,2,1,3,2,1,2,4,1,2,2,1,1,1,1,1,1
369,MARCELO SQUASSONI,PRB,SP,2,2,2,2,2,2,1,1,2,2,1,2,1,1,2,1,2,2,1
370,MARCIO ALVINO,PR,SP,2,2,2,1,2,2,1,1,4,2,1,2,2,1,1,1,1,4,4
371,LUIZA ERUNDINA,PSB,SP,4,4,4,4,4,4,4,4,4,4,4,4,4,4,4,4,4,4,4
372,PAULO PEREIRA DA SILVA,Solidarie,SP,2,2,1,1,2,2,4,4,4,4,4,2,1,1,1,4,1,1,1
373,PAULO MALUF,PP,SP,2,2,1,4,2,2,1,4,4,4,4,4,2,1,4,4,4,4,4
374,MILTON MONTI,PR,SP,2,2,2,1,2,2,1,1,2,2,1,2,2,1,1,4,1,1,1
375,MISSIONARIO JOSE OLIMPIO,PP,SP,2,2,1,2,2,2,1,1,4,2,1,4,1,1,1,1,1,1,1
376,PAULO TEIXEIRA,PT,SP,2,2,2,2,1,3,2,1,4,2,1,2,2,1,2,1,1,1,3
377,MIGUEL HADDAD,PSDB,SP,2,1,2,1,3,2,1,1,2,1,5,2,1,2,2,1,1,1,1
378,MIGUEL LOMBARDI,PR,SP,2,2,2,1,2,2,1,1,2,2,1,2,2,1,1,1,1,1,1
379,PR  MARCO FELICIANO,PSC,SP,2,2,1,2,2,2,1,1,2,2,1,1,1,2,1,1,1,1,1
380,PAULO FREIRE,PR,SP,2,2,2,2,2,2,1,1,2,2,1,2,2,1,2,1,4,4,4
381,NELSON MARQUEZELLI,PTB,SP,2,2,1,1,2,2,1,1,2,2,1,1,2,2,1,1,4,4,1
382,NILTO TATTO,PT,SP,2,2,2,2,1,3,2,1,1,2,1,2,2,1,2,1,1,1,1
383,RICARDO IZAR,PSD,SP,2,2,1,1,2,2,1,1,2,4,1,2,2,1,2,4,4,1,1
384,RICARDO TRIPOLI,PSDB,SP,4,1,1,1,3,4,1,1,4,4,4,4,1,1,2,1,1,1,1
386,ORLANDO SILVA,PCdoB,SP,1,2,1,2,1,1,2,1,2,2,1,4,2,2,2,1,1,1,1
387,ROBERTO ALVES,PRB,SP,2,2,2,2,2,2,1,1,2,2,1,2,2,2,2,1,2,1,1
389,SAMUEL MOREIRA,PSDB,SP,2,1,2,1,4,4,4,4,2,1,5,2,1,2,2,1,1,1,1
390,SERGIO REIS,PRB,SP,2,2,2,2,4,2,1,1,4,4,4,4,4,4,4,4,4,4,4
391,SILVIO TORRES,PSDB,SP,2,1,2,1,3,2,1,1,2,1,5,4,2,1,4,1,1,1,1
392,TIRIRICA,PR,SP,2,2,2,1,2,2,1,1,2,2,1,2,2,1,1,1,1,1,1
393,VALMIR PRASCIDELLI,PT,SP,2,2,2,2,1,3,2,1,1,2,1,2,2,1,2,1,1,1,1
394,VANDERLEI MACRIS,PSDB,SP,2,1,2,1,3,2,1,1,2,1,5,2,2,1,2,1,1,1,1
395,VICENTE CANDIDO,PT,SP,4,2,2,2,1,3,2,1,4,2,1,2,2,1,2,1,1,1,4
396,VICENTINHO,PT,SP,2,2,2,2,1,3,2,1,4,2,1,2,2,1,2,1,1,1,1
397,VINICIUS CARVALHO,PRB,SP,2,2,2,2,2,2,1,1,2,2,1,2,2,2,2,1,2,1,1
398,CARLOS ZARATTINI,PT,SP,2,2,2,2,1,3,2,1,1,2,1,2,2,1,2,1,4,4,4
399,VITOR LIPPI,PSDB,SP,2,1,2,1,3,2,1,1,4,1,5,2,2,1,2,1,1,1,4
400,CARLOS BEZERRA,PMDB,MT,1,2,2,1,2,2,1,1,4,1,1,1,2,1,1,1,1,1,1
401,ADILTON SACHETTI,PSB,MT,2,2,2,1,2,2,1,1,2,1,2,2,1,1,1,1,2,2,1
402,EZEQUIEL FONSECA,PP,MT,2,2,1,1,2,2,1,1,2,2,1,2,2,1,1,1,1,1,1
403,FABIO GARCIA,PSB,MT,2,2,2,1,2,2,1,1,4,1,2,1,1,1,1,1,1,1,1
404,VALTENIR PEREIRA,PROS,MT,4,2,2,2,1,4,2,1,1,2,1,2,2,2,2,1,2,2,1
405,NILSON LEITAO,PSDB,MT,2,1,2,1,4,2,1,1,2,1,5,2,1,1,4,4,4,4,4
406,PROFESSOR VICTORIO GALLI,PSC,MT,2,3,1,2,2,2,1,1,4,2,1,1,1,1,1,3,2,1,1
407,ERIKA KOKAY,PT,DF,2,2,2,2,1,3,2,1,1,2,1,2,2,1,2,1,1,1,1
408,IZALCI,PSDB,DF,2,1,2,1,3,2,1,1,2,1,5,2,2,1,2,1,1,1,1
409,SAGUAS MORAES,PT,MT,2,2,2,2,1,3,2,1,1,2,1,2,2,1,2,1,1,1,1
410,ALBERTO FRAGA,DEM,DF,2,2,1,1,3,2,1,1,4,1,2,4,2,2,1,1,2,2,1
411,AUGUSTO CARVALHO,Solidarie,DF,2,1,1,2,1,1,1,1,4,2,1,2,1,1,1,1,1,1,1
412,LAERTE BESSA,PR,DF,2,2,2,1,2,4,1,1,4,2,1,2,4,1,1,1,1,1,1
413,ROGERIO ROSSO,PSD,DF,4,2,2,1,2,2,1,1,4,1,1,4,1,1,1,1,1,1,1
414,RONALDO FONSECA,PROS,DF,2,2,2,2,1,2,2,1,4,2,2,2,1,2,2,1,1,1,1
415,RONEY NEMER,PMDB,DF,2,2,1,2,1,2,1,2,2,2,1,1,1,1,1,1,1,1,1
416,ALEXANDRE BALDY,PSDB,GO,4,4,4,4,4,4,4,4,4,4,4,2,1,1,2,1,1,1,1
417,CELIO SILVEIRA,PSDB,GO,2,2,1,1,3,2,1,1,2,1,1,2,2,1,2,1,2,1,1
418,JOAO CAMPOS,PSDB,GO,4,1,2,1,3,2,1,1,4,1,5,2,1,1,2,1,2,1,2
419,JOVAIR ARANTES,PTB,GO,2,2,1,1,2,2,1,2,4,4,4,1,2,1,1,1,1,1,4
420,DANIEL VILELA,PMDB,GO,2,2,1,2,1,2,1,1,4,1,1,1,1,1,1,1,1,1,1
421,DELEGADO WALDIR,PSDB,GO,2,1,1,1,2,2,1,1,2,1,5,1,1,2,1,2,2,1,1
422,FLAVIA MORAIS,PDT,GO,2,2,2,2,1,1,2,1,2,2,1,4,4,4,4,4,4,4,4
423,HEULER CRUVINEL,PSD,GO,4,4,4,4,4,4,4,4,4,4,4,4,2,1,2,1,2,1,1
425,RUBENS OTONI,PT,GO,2,2,2,2,1,3,2,1,1,2,1,2,2,1,2,4,1,1,1
426,FABIO SOUSA,PSDB,GO,2,1,1,1,3,2,1,2,2,1,1,3,1,2,2,1,1,1,1
427,ROBERTO BALESTRA,PP,GO,2,2,1,4,2,2,1,1,2,1,1,1,1,1,2,1,2,2,2
428,PEDRO CHAVES,PMDB,GO,2,2,1,1,2,2,1,1,2,1,1,1,2,1,1,1,2,2,1
429,GIUSEPPE VECCI,PSDB,GO,2,1,3,1,3,2,1,1,4,1,5,2,2,1,2,1,2,4,4
430,LUCAS VERGILIO,Solidarie,GO,2,1,1,1,2,2,1,1,2,2,4,2,1,1,1,1,1,1,1
431,MAGDA MOFATTO,PR,GO,4,2,2,1,2,4,1,1,2,2,2,2,2,1,1,4,1,2,1
432,MARCOS ABRAO,PPS,GO,2,1,2,2,1,2,2,1,2,1,1,2,1,2,2,1,1,1,1
433,CARLOS MARUN,PMDB,MS,2,4,1,1,2,2,1,1,2,1,1,1,2,1,1,1,1,1,1
434,DAGOBERTO,PDT,MS,2,2,2,2,1,1,2,1,2,1,1,2,2,1,1,1,1,2,1
435,GERALDO RESENDE,PMDB,MS,2,1,2,1,2,2,1,1,2,1,1,1,2,1,1,1,2,1,1
436,MANDETTA,DEM,MS,2,1,2,2,3,2,1,1,4,1,1,2,1,2,1,1,1,4,1
437,TEREZA CRISTINA,PSB,MS,4,4,4,4,2,2,1,1,2,1,2,1,2,1,1,1,4,4,4
438,VANDER LOUBET,PT,MS,2,2,2,2,1,1,2,1,4,1,1,2,2,1,1,1,1,1,1
440,ZECA DO PT,PT,MS,2,2,2,2,1,3,2,1,1,1,1,2,2,1,1,1,1,1,1
441,ALIEL MACHADO,PCdoB,PR,4,2,1,2,1,4,2,1,2,2,1,4,4,2,2,1,4,1,1
442,CHRISTIANE DE SOUZA YARED,PTN,PR,2,2,2,2,1,2,2,1,2,2,1,2,2,2,2,1,2,1,1
443,ASSIS DO COUTO,PT,PR,4,2,2,2,1,2,2,1,4,1,3,2,2,1,1,1,1,1,1
444,DILCEU SPERAFICO,PP,PR,2,2,1,1,2,2,1,1,4,1,2,2,2,1,1,1,2,1,4
445,ALEX CANZIANI,PTB,PR,2,1,2,1,2,2,1,2,4,4,2,1,4,2,2,1,1,4,4
446,EDMAR ARRUDA,PSC,PR,2,1,1,2,2,2,1,1,4,4,4,4,1,1,1,1,2,2,1
447,DIEGO GARCIA,PHS,PR,2,2,1,2,2,2,1,1,4,2,1,2,2,1,2,1,1,1,1
448,HERMES PARCIANELLO,PMDB,PR,4,4,1,1,4,4,1,1,2,2,1,1,1,1,1,1,4,1,1
449,ENIO VERRI,PT,PR,2,2,2,2,1,3,2,1,1,2,1,2,2,1,2,1,1,1,1
450,FERNANDO FRANCISCHINI,Solidarie,PR,2,2,1,1,2,2,1,1,4,2,1,4,2,1,1,1,1,1,1
451,ALFREDO KAEFER,PSDB,PR,4,1,2,1,3,4,1,1,4,1,3,2,2,1,2,3,1,1,1
452,EVANDRO ROMAN,PSD,PR,2,2,2,1,2,2,1,1,2,1,1,2,2,1,2,1,1,1,1
453,LEANDRE,PV,PR,2,1,2,2,1,2,2,1,4,2,1,1,1,1,1,1,2,2,1
454,LUIZ CARLOS HAULY,PSDB,PR,2,1,2,1,3,2,1,1,2,1,5,2,2,2,2,1,2,1,1
455,JOAO ARRUDA,PMDB,PR,4,4,1,2,2,2,1,1,2,1,1,2,1,1,2,4,1,1,1
456,LEOPOLDO MEYER,PSB,PR,2,2,2,2,1,2,2,1,2,1,2,2,2,1,4,1,1,1,1
457,LUCIANO DUCCI,PSB,PR,2,2,2,1,2,2,1,1,2,1,2,1,2,1,1,1,1,1,2
458,NELSON MEURER,PP,PR,2,2,1,1,2,2,1,1,2,1,1,1,2,1,1,1,1,1,1
459,LUIZ NISHIMORI,PR,PR,4,2,2,1,2,2,1,1,2,2,1,2,2,1,1,1,2,1,1
460,RUBENS BUENO,PPS,PR,4,1,2,2,1,2,2,1,2,1,1,2,1,2,2,1,1,1,1
461,MARCELO BELINATI,PP,PR,2,2,1,2,1,1,2,1,1,2,2,1,1,2,2,1,1,1,1
462,RICARDO BARROS,PP,PR,2,2,1,1,2,2,1,1,2,2,1,1,4,2,2,1,1,4,1
463,OSMAR SERRAGLIO,PMDB,PR,2,2,1,1,2,2,1,1,2,1,2,4,4,1,1,1,2,4,1
464,ROSSONI,PSDB,PR,2,1,1,1,4,2,1,1,2,1,4,2,2,1,1,1,1,1,1
465,SANDRO ALEX,PPS,PR,2,1,2,2,1,2,2,1,4,1,1,2,1,2,2,1,1,1,1
466,GIACOBO,PR,PR,4,2,2,1,2,2,1,4,2,2,1,4,2,1,1,4,4,4,4
467,SERGIO SOUZA,PMDB,PR,2,2,1,1,2,2,1,1,4,1,1,1,1,2,2,1,1,4,1
468,ZECA DIRCEU,PT,PR,2,2,2,2,1,1,2,2,1,1,1,4,2,1,2,1,1,4,1
469,TAKAYAMA,PSC,PR,4,4,4,4,4,4,4,4,4,4,4,4,4,4,4,4,4,4,4
470,TONINHO WANDSCHEER,PT,PR,2,2,2,2,1,3,2,1,1,1,4,2,2,1,1,1,1,1,1
471,ESPERIDIAO AMIN,PP,SC,2,2,1,2,3,2,2,1,2,1,2,2,2,1,2,1,1,1,2
472,CELSO MALDANER,PMDB,SC,2,2,2,1,2,2,1,1,4,1,1,1,1,1,1,1,1,1,1
473,JOAO RODRIGUES,PSD,SC,2,2,1,1,2,2,1,1,4,1,1,1,2,1,2,1,2,1,1
474,JORGE BOEIRA,PP,SC,2,1,2,2,1,2,2,1,4,1,1,2,1,2,2,1,1,1,1
475,DECIO LIMA,PT,SC,4,2,2,2,1,3,2,1,4,2,1,4,4,1,2,1,4,4,4
476,JORGINHO MELLO,PR,SC,2,2,2,1,4,4,4,4,4,4,4,4,4,4,4,4,4,4,4
477,CARMEN ZANOTTO,PPS,SC,2,1,2,2,1,2,2,1,2,1,1,2,1,2,2,1,1,1,1
478,MARCO TEBALDI,PSDB,SC,2,1,2,1,3,4,1,1,4,1,4,4,2,1,1,1,4,4,1
479,CESAR SOUZA,PSD,SC,2,2,1,1,2,2,1,1,4,1,1,4,1,1,2,1,1,1,1
480,MAURO MARIANI,PMDB,SC,2,2,2,1,2,2,1,1,4,1,2,1,1,1,2,1,1,1,1
481,PEDRO UCZAI,PT,SC,2,4,2,2,1,1,2,1,4,1,1,2,2,1,2,1,1,1,3
482,GEOVANIA DE SA,PSDB,SC,2,1,2,1,3,2,1,1,2,1,5,2,2,1,1,1,1,1,1
483,ROGERIO PENINHA MENDONCA,PMDB,SC,2,2,1,1,2,2,1,1,4,4,4,1,2,1,1,1,1,1,1
484,RONALDO BENEDET,PMDB,SC,2,2,1,2,2,2,1,1,2,1,1,1,1,1,1,1,1,1,1
486,ALCEU MOREIRA,PMDB,RS,2,1,2,1,2,2,1,1,2,1,1,1,2,1,1,1,1,1,1
487,AFONSO HAMM,PP,RS,2,1,2,2,1,1,2,1,4,1,2,1,2,1,1,1,1,1,2
488,LUIZ CARLOS BUSATO,PTB,RS,2,2,1,1,2,2,1,1,2,1,1,4,4,4,4,4,4,4,4
489,VALDIR COLATTO,PMDB,SC,4,4,4,4,4,4,4,4,4,4,4,4,2,1,2,1,2,2,1
490,AFONSO MOTTA,PDT,RS,2,2,2,2,1,1,2,1,2,1,1,2,2,1,1,1,1,2,1
491,DARCISIO PERONDI,PMDB,RS,2,1,2,1,2,2,1,1,4,1,1,1,1,1,2,1,1,1,1
492,CARLOS GOMES,PRB,RS,2,2,2,2,2,2,1,1,4,2,1,2,2,1,1,1,1,1,1
493,COVATTI FILHO,PP,RS,2,2,1,1,2,2,1,1,4,1,2,2,2,1,1,1,1,1,2
495,DANRLEI DE DEUS HINTERHOLZ,PSD,RS,2,2,2,1,2,2,1,1,2,1,1,2,2,1,1,1,1,1,1
496,MARCO MAIA,PT,RS,2,2,2,2,1,4,2,1,4,4,4,2,2,1,2,1,4,4,4
497,OSMAR TERRA,PMDB,RS,4,4,4,4,4,4,4,4,4,4,4,2,2,4,1,1,4,1,1
498,HENRIQUE FONTANA,PT,RS,2,2,2,2,1,1,2,1,4,2,1,2,2,1,2,1,1,1,3
499,BOHN GASS,PT,RS,2,2,2,2,1,3,2,1,1,2,1,2,2,1,2,1,1,1,3
500,LUIS CARLOS HEINZE,PP,RS,2,2,1,1,2,2,1,1,2,1,2,2,2,1,2,1,1,1,1
501,JOSE OTAVIO GERMANO,PP,RS,2,2,1,4,2,1,2,4,2,2,2,4,4,4,4,4,4,4,4
502,GIOVANI CHERINI,PDT,RS,2,2,2,2,1,4,4,1,4,1,1,2,2,1,1,1,1,2,1
504,HEITOR SCHUCH,PSB,RS,2,2,2,2,1,2,2,1,2,1,2,2,2,1,1,1,1,1,1
505,JERONIMO GOERGEN,PP,RS,2,1,2,1,3,2,1,1,4,1,1,4,4,4,4,4,4,4,4
506,JOSE STEDILE,PSB,RS,2,2,2,2,1,1,2,1,2,1,1,2,2,1,1,1,1,1,1
507,MARCON,PT,RS,2,2,2,2,1,3,2,1,4,1,4,2,2,1,2,1,1,1,1
508,MARIA DO ROSARIO,PT,RS,2,2,2,2,1,3,2,2,1,2,1,2,2,1,2,1,4,4,4
509,NELSON MARCHEZAN JUNIOR,PSDB,RS,2,1,2,1,3,2,1,1,4,1,5,4,2,2,2,1,2,1,1
510,ONYX LORENZONI,DEM,RS,4,4,4,4,4,4,4,4,4,4,4,2,1,2,2,1,4,4,4
511,RENATO MOLLING,PP,RS,2,2,1,1,2,2,1,1,2,1,1,1,1,1,1,1,1,1,1
512,SERGIO MORAES,PTB,RS,2,2,1,1,2,2,1,1,4,1,1,2,2,1,1,2,1,1,1
513,PAULO PIMENTA,PT,RS,2,2,2,2,1,3,2,1,4,2,1,2,2,1,2,1,1,1,1
514,JOAO DERLY,PCdoB,RS,4,2,1,2,1,4,2,1,2,2,1,2,2,2,4,1,1,1,1
516,POMPEO DE MATTOS,PDT,RS,2,2,2,2,1,1,2,1,4,1,3,2,2,1,2,1,1,2,1
517,RONALDO NOGUEIRA,PTB,RS,2,2,2,1,2,2,1,1,2,2,1,1,2,2,4,4,1,1,1
518,WALTER IHOSHI,PSD,SP,4,2,2,1,2,2,1,1,2,1,1,2,2,2,2,1,1,1,1
519,ANTONIO CARLOS MENDES THAME,PSDB,SP,2,1,2,1,3,2,1,1,2,1,5,2,2,2,2,1,2,2,1
520,ADEMIR CAMILO,PROS,MG,2,2,1,2,2,2,2,1,2,1,4,2,2,1,1,4,1,1,1
521,LOBBE NETO,PSDB,SP,4,4,4,4,4,4,4,4,4,4,4,2,1,2,2,1,1,1,1
522,MARCELO AGUIAR,DEM,SP,2,2,1,1,3,2,1,1,2,2,1,1,1,1,2,1,1,1,1
523,FERNANDO TORRES,PSD,BA,2,2,1,1,2,2,1,1,4,4,4,4,4,4,4,4,4,4,4
524,SANDES JUNIOR,PP,GO,2,2,1,2,2,4,1,1,2,2,1,1,1,1,1,1,1,1,1
525,DAVIDSON MAGALHAES,PCdoB,BA,1,2,1,2,1,1,2,1,4,2,1,2,2,2,2,1,1,1,1
526,SILAS BRASILEIRO,PMDB,MG,4,4,4,4,4,4,4,4,4,4,4,4,1,1,1,1,1,1,1
527,WADSON RIBEIRO,PCdoB,MG,1,2,1,2,1,1,2,1,2,2,1,2,2,2,2,1,1,1,1
528,AUGUSTO COUTINHO,Solidarie,PE,1,1,2,1,2,2,1,2,2,4,1,4,4,4,4,4,4,4,4
529,FERNANDO MONTEIRO,PP,PE,2,2,1,1,2,2,1,1,2,2,1,1,4,1,1,1,1,1,1
530,CARLOS EDUARDO CADOCA,PCdoB,PE,1,2,1,2,1,1,2,1,2,2,1,2,1,2,2,1,1,1,1
532,EDINHO BEZ,PMDB,SC,2,2,1,3,3,1,1,1,4,1,2,1,1,1,4,4,2,2,1
534,FERNANDO MARRONI,PT,RS,2,2,2,2,1,3,2,1,4,1,1,2,2,1,2,1,1,1,1
535,WALNEY ROCHA,PTB,RJ,2,2,1,1,2,2,1,1,2,2,1,2,2,1,1,1,1,1,1
536,MARQUINHO MENDES,PMDB,RJ,2,2,1,1,2,2,1,1,2,2,1,1,1,1,1,2,1,1,1
537,CELSO JACOB,PMDB,RJ,2,2,1,1,2,2,1,1,2,2,1,NA,NA,NA,NA,NA,NA,1,1
538,ELIZEU DIONIZIO,Solidarie,MS,2,2,2,2,2,2,1,1,4,2,1,2,2,1,1,1,1,1,1
539,JOSE FOGACA,PMDB,RS,2,1,2,2,1,1,2,1,4,1,1,4,2,2,2,1,1,1,1
540,MAURO PEREIRA,PMDB,RS,2,2,2,1,2,2,1,1,4,1,2,4,2,1,1,1,1,1,1
541,RAUL JUNGMANN,PPS,PE,4,4,4,4,1,1,2,2,4,1,1,2,2,2,2,1,1,1,1
544,PASTOR FRANKLIN,PTdoB,MG,2,2,2,2,2,2,1,1,4,2,1,4,2,1,2,1,1,1,1
545,SILAS FREIRE,PR,PI,2,2,2,1,1,1,2,1,2,2,1,2,2,1,2,1,1,1,1
546,ROBERTO FREIRE,PPS,SP,4,1,2,2,1,2,2,1,4,1,1,2,2,2,2,1,1,1,1
548,ALBERTO FILHO,PMDB,MA,2,2,1,1,2,2,1,1,4,1,1,1,2,1,1,1,1,1,1
549,JOSE MAIA FILHO,Solidarie,PI,2,2,1,1,2,4,1,1,4,2,1,2,4,1,1,1,1,1,1
550,WADIH DAMOUS,PT,RJ,1,2,2,2,1,3,2,1,1,2,1,2,2,1,2,1,1,1,3
551,PENNA,PV,SP,1,1,2,2,1,2,1,1,4,2,1,1,1,1,2,1,1,1,1
